group,category,value
group 1,A,61.0158803
group 1,A,25.903359
group 1,A,13.08076071
group 1,B,71.27703826
group 1,B,21.0180133
group 1,B,7.70494844
group 2,A,61.0158803
group 2,A,25.903359
group 2,A,13.08076071
group 2,B,71.27703826
group 2,B,21.0180133
group 2,B,7.70494844
